fac_id,facility_name,county,description,address1,fac_zip,main_site_name,latitude,longitude,fac_phone,web_site
7046,BronxCare Tiffany Medical and Pediatric Practice,Bronx,Diagnostic and Treatment Center Extension Clinic,853 Tiffany Street,10459,"BronxCare Dr. Martin Luther King, Jr. Health Center",40.817955,-73.89357,,
7117,Morris Heights at Walton Avenue,Bronx,Diagnostic and Treatment Center Extension Clinic,25 East 183rd Street,10453,Morris Heights Health Center,40.858597,-73.903175,,
1206,Clay Avenue Family Health Center,Bronx,Diagnostic and Treatment Center Extension Clinic,1776 Clay Avenue,10457,"La Casa De Salud, Inc.",40.846165,-73.904655,9294877004,
9502,Cassena Kidney Care at Workmen's Circle,Bronx,Diagnostic and Treatment Center,3155 Grace Avenue,10469,,40.87442,-73.837212,7183041255,
7731,Soundview Dialysis Center,Bronx,Diagnostic and Treatment Center Extension Clinic,1109 Rosedale Avenue,10472,Bronx Dialysis Center,40.82772,-73.86837,7188612334,
9364,Stevenson Family Health Center,Bronx,Diagnostic and Treatment Center Extension Clinic,731 White Plains Road,10473,Family Health Center of Harlem,40.821575,-73.858223,2126330800,
6752,Morris Heights Health Center,Bronx,Diagnostic and Treatment Center Extension Clinic,625 East 137th Street,10454,Morris Heights Health Center,40.805325,-73.915924,7187164400,
15851,Pelham Parkway Surgery Center,Bronx,Diagnostic and Treatment Center,1000 Pelham Parkway South,10461,,40.85675,-73.85967,7188842660,
10168,"Doctors United, Inc.",Bronx,Diagnostic and Treatment Center Extension Clinic,741 East 233rd Street,10466,Doctors United Inc,40.893177,-73.855682,,
9487,MMG - Via Verde,Bronx,Hospital Extension Clinic,730 Brook Avenue,10455,Montefiore Medical Center - Henry & Lucy Moses Div,40.819489,-73.912247,7184841247,
1205,Urban Health Plan,Bronx,Diagnostic and Treatment Center,1065 Southern Boulevard,10459,,40.824715,-73.892036,7189914833,https://www.urbanhealthplan.org/
8617,2021 Grand Concourse,Bronx,Diagnostic and Treatment Center Extension Clinic,2021 Grand Conourse,10453,Union Community Health Center,40.851776,-73.904449,7189609500,
6722,Columbus Center for Medical Rehabilitation,Bronx,Diagnostic and Treatment Center,1221 Jerome Avenue,10452,,40.836143,-73.922478,7185388343,
10311,Longwood Dialysis,Bronx,Diagnostic and Treatment Center Extension Clinic,931 Bruckner Boulevard,10459,Bronx Dialysis Center,40.818851,-73.892693,7183780921,
9745,Stevenson High School,Bronx,School Based Hospital Extension Clinic,1980 Lafayette Avenue,10473,Montefiore Medical Center - Henry & Lucy Moses Div,40.821344,-73.855673,7186964070,
6861,BronxCare Dental Services,Bronx,Diagnostic and Treatment Center Extension Clinic,1775 Grand Concourse,10453,"BronxCare Dr. Martin Luther King, Jr. Health Center",40.8465,-73.909653,7189018401,
9361,Franklin Women's Shelter,Bronx,Diagnostic and Treatment Center Extension Clinic,1122 Franklin Avenue,10456,Care For the Homeless,40.828342,-73.905624,3472694648,
9786,Montefiore Medical Center - Wellness Center at Port Morris,Bronx,Hospital Extension Clinic,804 East 138th Street,10454,Montefiore Medical Center - Henry & Lucy Moses Div,40.803387,-73.91041,,
5706,Methadone 1,Bronx,Hospital Extension Clinic,3550 Jerome Avenue,10467,Montefiore Medical Center - Henry & Lucy Moses Div,40.88406,-73.880089,7189204067,
1169,Montefiore Medical Center - Henry & Lucy Moses Div,Bronx,Hospital,111 East 210th Street,10467,,40.879951,-73.880562,7189202001,
4520,CenterLight Healthcare Diagnostic and Treatment Center,Bronx,Diagnostic and Treatment Center,2401 White Plains Road,10467,,40.861694,-73.867592,7189205910,
10042,Melrose Dialysis,Bronx,Diagnostic and Treatment Center Extension Clinic,459 East 149th Street,10455,Bronx Dialysis Center,40.815529,-73.915253,,
13980,FKC - St. Ann's Dialysis,Bronx,Diagnostic and Treatment Center Extension Clinic,794 St. Ann's Avenue,10467,FMS-Southern Manhattan Dialysis Center,40.81975,-73.910337,9145823092,
15618,BronxCare Pediatric Specialty Center,Bronx,Hospital Extension Clinic,"1685 Morris Avenue, 1st Floor",10456,BronxCare Hospital Center,40.84412,-73.9096,2127294169,
15823,The Bronx HS of Science- x445,Bronx,School Based Hospital Extension Clinic,75 W.205th Street,10468,Montefiore Medical Center - Henry & Lucy Moses Div,40.878,-73.89151,7186964070,
6606,The Institute for Family Health at Westchester Square,Bronx,Diagnostic and Treatment Center Extension Clinic,1420 Ferris Place,10461,Family Health Center of Harlem,40.839302,-73.841347,7185973400,
6899,Center for Radiation Therapy,Bronx,Hospital Extension Clinic,1617 Poplar Street,10461,Montefiore Medical Center - Henry & Lucy Moses Div,40.845497,-73.846916,7184058550,
5702,Mosholu Avenue Primary Care Center,Bronx,Hospital Extension Clinic,5626 Mosholu Avenue,10471,Montefiore Medical Center - Henry & Lucy Moses Div,40.904621,-73.902298,7188844201,
15642,Mott Haven Family Health Center,Bronx,Diagnostic and Treatment Center Extension Clinic,427 Grand Concourse,10451,Damian Family Care Center,40.81683,-73.92824,7186571100,
9911,Ramon Velez Health Center,Bronx,Diagnostic and Treatment Center Extension Clinic,754 East 151st Street,10459,"La Casa De Salud, Inc.",40.814598,-73.907143,,
13976,Bronx Treatment Center,Bronx,Diagnostic and Treatment Center,1250 Shakespeare Avenue,10452,,40.838428,-73.92278,,
9266,CHN - Tremont,Bronx,Diagnostic and Treatment Center Extension Clinic,1880 Bathgate Avenue,10457,Community Healthcare Network,40.84628,-73.89723,7182945891,
8538,Sun River Health Inwood,Bronx,Diagnostic and Treatment Center Extension Clinic,1543-1545 Inwood Avenue,10452,Sun River Health,40.84412,-73.916435,7182991777,
9801,Union Community Health Center Comprehensive Family Dentistry,Bronx,Diagnostic and Treatment Center Extension Clinic,2101 Quarry Road,10457,Union Community Health Center,40.851963,-73.891558,,
9273,Mott Haven Campus,Bronx,School Based Hospital Extension Clinic,730 Concourse Village West,10451,Montefiore Medical Center - Henry & Lucy Moses Div,40.822781,-73.923477,7186964070,
10259,Burke Rehabilitation Outpatient Clinic-Hutch Metro,Bronx,Hospital Extension Clinic,1250 Waters Place,10461,Winifred Masterson Burke Rehabilitation Hospital,40.853553,-73.837368,,
10106,Health Center at Gunhill,Bronx,Diagnostic and Treatment Center Extension Clinic,1012 East Gunhill Road,10469,Morrisania Diagnostic & Treatment Center,40.874581,-73.857873,,
15679,Bronx Treatment Center - Mobile Health Unit #2,Bronx,Mobile Diagnostic and Treatment Center Extension Clinic,1250 Shakespeare Avenue,10452,Bronx Treatment Center,40.83845,-73.92295,6466098377,
10411,Bronxchester Home Training,Bronx,Diagnostic and Treatment Center Extension Clinic,34 Marconi Street,10461,Bronx Dialysis Center,40.84792,-73.842709,9292865280,
4653,PS 55 & Mott Hall III,Bronx,School Based Hospital Extension Clinic,450 St Paul's Place,10456,Montefiore Medical Center - Henry & Lucy Moses Div,40.836246,-73.904633,7189206062,
15302,Sun River Health Care,Bronx,Diagnostic and Treatment Center Extension Clinic,820 St. Ann's Avenue,10456,Sun River Health,40.82108,-73.90973,9732612135,
6486,STD Center,Bronx,Hospital Extension Clinic,3230 Bainbridge Avenue,10467,Montefiore Medical Center - Henry & Lucy Moses Div,40.876602,-73.879616,7188825482,
9384,Morrisania Dialysis Center,Bronx,Diagnostic and Treatment Center Extension Clinic,1160 Teller Avenue,10456,"Newtown Dialysis Center, Inc",40.831406,-73.912041,7182931500,
10114,Bronx Health Center,Bronx,Diagnostic and Treatment Center,253 East 142nd Street,10451,,40.81473,-73.924967,7189977100,
4801,Montefiore Dental Center@Bronx Muni Hosp,Bronx,Hospital Extension Clinic,Pelham Parkway South & Eastchester Rd,10461,Montefiore Medical Center - Henry & Lucy Moses Div,40.857151,-73.843781,7189183422,
1193,Comprehensive Health Care Center,Bronx,Hospital Extension Clinic,301-305 East 161st Street,10451,Montefiore Medical Center - Henry & Lucy Moses Div,40.825314,-73.917442,7189206062,
6514,Walton High Campus,Bronx,School Based Hospital Extension Clinic,2780 Reservoir Avenue,10468,Montefiore Medical Center - Henry & Lucy Moses Div,40.870598,-73.897911,7183647400,
10314,Cassena Kidney Care at Morningside,Bronx,Diagnostic and Treatment Center,1000 Pelham Parkway South,10461,,40.856526,-73.85951,7189046518,
13981,Triborough Ambulatory Surgery Center,Bronx,Diagnostic and Treatment Center,550 East 180th Street,10457,,40.850361,-73.893525,7182530000,
15636,Fresenius Kidney Care - Webster Avenue Dialysis,Bronx,Diagnostic and Treatment Center Extension Clinic,3160 Webster Avenue,10467,FMS-Southern Manhattan Dialysis Center,40.87244,-73.87522,2123486637,
5796,P S 8,Bronx,School Based Hospital Extension Clinic,3010 Briggs Avenue,10458,Montefiore Medical Center - Henry & Lucy Moses Div,40.87252,-73.883621,,
3987,Fordham-Tremont Comm Mntl Health Center,Bronx,Hospital Extension Clinic,1900 Crotona Parkway,10460,SBH Health System,40.840729,-73.885582,7185421906,
15608,Bronx Treatment Center,Bronx,Diagnostic and Treatment Center Extension Clinic,899 Westchester Avenue,10459,Bronx Treatment Center,40.82075,-73.89989,6466098377,
7782,Fordham Tremont Comm Mentl Health Center,Bronx,Hospital Extension Clinic,817 East 180th Street,10460,SBH Health System,40.846352,-73.885063,,
9834,Williamsbridge Dialysis Center,Bronx,Diagnostic and Treatment Center Extension Clinic,"3525 White Plains Road, Suite B",10467,Bronx Dialysis Center,40.878051,-73.866557,,
4625,Theodore Roosevelt High School,Bronx,School Based Hospital Extension Clinic,500 East Fordham Road,10458,Montefiore Medical Center - Henry & Lucy Moses Div,40.859848,-73.88813,7182205665,
9399,Peninsula Community Health Center,Bronx,Diagnostic and Treatment Center Extension Clinic,1967 Turnbull Avenue,10473,Urban Health Plan,40.823139,-73.856194,3472183464,
6653,Morris Heights Health Center Mobile Van,Bronx,Diagnostic and Treatment Center Extension Clinic,3875 Ninth Avenue,10034,Morris Heights Health Center,40.863728,-73.916962,7187164400,
6148,Plaza Del Castillo Health Center,Bronx,Diagnostic and Treatment Center Extension Clinic,1515 Southern Blvd,10460,Urban Health Plan,40.83395,-73.889984,,
9278,William Howard Taft High School,Bronx,School Based Hospital Extension Clinic,240 East 172nd Street,10457,Montefiore Medical Center - Henry & Lucy Moses Div,40.840389,-73.91098,7186964070,
7231,Claremont Family Health Care Center,Bronx,Diagnostic and Treatment Center Extension Clinic,264 East 174th Street,10457,"La Casa De Salud, Inc.",40.844604,-73.906052,,
6147,Bella Vista Health Center,Bronx,Diagnostic and Treatment Center Extension Clinic,890 Hunts Point Ave,10474,Urban Health Plan,40.81921,-73.889374,,
6704,Westchester Avenue Family Health Center,Bronx,Diagnostic and Treatment Center Extension Clinic,915 Westchester Avenue,10459,"La Casa De Salud, Inc.",40.82148,-73.898247,7184663545,
15661,CenterLight PACE Mobile Van 1,Bronx,Mobile Diagnostic and Treatment Center Extension Clinic,2515 Olinville Avenue,10467,CenterLight Healthcare Diagnostic and Treatment Center,40.86384,-73.86855,,
7125,Child Protection Center,Bronx,Hospital Extension Clinic,3314 Steuben Avenue,10467,Montefiore Medical Center - Henry & Lucy Moses Div,40.878609,-73.881218,,
4506,Metro Community Health Center Bronx,Bronx,Diagnostic and Treatment Center,979 Cross Bronx Expressway Service Road,10460,,40.838833,-73.882599,7186657565,
7047,Low Lead Clinic,Bronx,Hospital Extension Clinic,91 East Mosholu Parkway,10467,Montefiore Medical Center - Henry & Lucy Moses Div,40.878334,-73.882523,,
15552,Beth Abraham Center for Renal Dialysis,Bronx,Diagnostic and Treatment Center Extension Clinic,612 Allerton Avenue,10467,The Bronx Center for Renal Dialysis,40.86521,-73.87003,6462606630,
10434,Starling Health,Bronx,Diagnostic and Treatment Center,1480 East Avenue,10462,,40.83687,-73.85993,7183191610,
5795,The Marble Hill Family Practice Center,Bronx,Hospital Extension Clinic,5525 Broadway,10463,Montefiore Medical Center - Henry & Lucy Moses Div,40.877602,-73.905716,,
7607,Narco Freedom-Grand Concourse,Bronx,Diagnostic and Treatment Center Extension Clinic,250 Grand Concourse,10451,Narco Freedom Inc,40.813755,-73.929298,7182924451,
1207,Narco Freedom Inc,Bronx,Diagnostic and Treatment Center,479 Willis Avenue,10455,,40.814503,-73.919029,7182924640,
5756,Intermediate School 217 Entrada Academy & Charter School,Bronx,School Based Hospital Extension Clinic,977 Fox Street,10459,Montefiore Medical Center - Henry & Lucy Moses Div,40.822426,-73.893951,7185894844,
15647,Bronx Treatment Center,Bronx,Diagnostic and Treatment Center Extension Clinic,3991 White Plains Road,10466,Bronx Treatment Center,40.88847,-73.86032,,
1196,Comprehensive Fam Care Center,Bronx,Hospital Extension Clinic,1621 Eastchester Road,10461,Montefiore Medical Center - Henry & Lucy Moses Div,40.844967,-73.845665,7189206062,
8525,Evander Childs Campus,Bronx,School Based Hospital Extension Clinic,800 East Gun Hill Road,10467,Montefiore Medical Center - Henry & Lucy Moses Div,40.875938,-73.862068,,
9766,Montefiore North Broadway Dental Clinic,Bronx,Hospital Extension Clinic,5500 Broadway,10463,Montefiore Medical Center - Henry & Lucy Moses Div,40.876606,-73.905674,,
9883,The Children's Health Center of the New York Foundling,Bronx,Diagnostic and Treatment Center,170 Brown Place,10454,,40.806316,-73.920898,,
7118,Urban Horizons Family Practice,Bronx,Diagnostic and Treatment Center Extension Clinic,50-98 East 168th Street,10452,Family Health Center of Harlem,40.836559,-73.918968,,
10277,"Smile New York Outreach, LLC",Bronx,Diagnostic and Treatment Center,1808 Crotona Parkway,10460,,40.839259,-73.886083,8888331002,
7675,East Tremont Medical Center,Bronx,Diagnostic and Treatment Center Extension Clinic,930 East Tremont Avenue,10460,New York Neuro & Rehab Center,40.841633,-73.883591,7188601111,
6953,Advanced Endoscopy Center,Bronx,Diagnostic and Treatment Center,5500 Broadway,10463,,40.87698,-73.906044,7185487900,
15897,Montefiore Einstein Children's Center for Mental Health of the Children's Hospital at Montefiore Einstein,Bronx,Hospital,1300 Waters Place,10461,Montefiore Medical Center - Henry & Lucy Moses Div,,,7189204813,
4651,PS 105,Bronx,School Based Hospital Extension Clinic,725 Brady Avenue,10462,Montefiore Medical Center - Henry & Lucy Moses Div,40.852451,-73.866257,7189206062,
1462,Methadone Clinic III,Bronx,Hospital Extension Clinic,2058 Jerome Avenue,10453,Montefiore Medical Center - Henry & Lucy Moses Div,40.854176,-73.907028,7189202001,
5707,Dental Center at North Central Bronx Hospital,Bronx,Hospital Extension Clinic,3424 Kossuth Avenue,10467,Montefiore Medical Center - Henry & Lucy Moses Div,40.880512,-73.881538,7185193300,
318,Primary Care Network,Bronx,Hospital Extension Clinic,One Fordham Plaza,10458,Montefiore Medical Center - Henry & Lucy Moses Div,40.86064,-73.890228,7189332400,
1172,Lincoln Medical & Mental Health Center,Bronx,Hospital,234 East 149th Street,10451,,40.817661,-73.92421,7185795700,
4687,Dewitt Clinton High School,Bronx,School Based Hospital Extension Clinic,100 West Mosholu Parkway South,10468,Montefiore Medical Center - Henry & Lucy Moses Div,40.88179,-73.886765,7185978500,
9091,Bronx Health Collective,Bronx,Hospital Extension Clinic,853 Longwood Avenue,10459,Montefiore Medical Center - Henry & Lucy Moses Div,40.819115,-73.900787,,
1416,Community Healthcare Network,Bronx,Diagnostic and Treatment Center,1002 Westchester Ave,10459,,40.82359,-73.89353,2123664500,
9000,Care For the Homeless,Bronx,Diagnostic and Treatment Center,1911-1921 Jerome Avenue,10453,,40.850643,-73.910332,,
9458,Morris Heights Center 233rd Street,Bronx,Diagnostic and Treatment Center Extension Clinic,825 East 233rd Street,10466,Morris Heights Health Center,40.892262,-73.853622,7184831208,
15689,SBH Health System Portable School Based Dental Equipment,Bronx,School Based Hospital Extension Clinic,4422 Third Avenue,10457,SBH Health System,40.85329,-73.89143,7189606498,
9750,Montefiore Hutchinson Campus,Bronx,Hospital Extension Clinic,1250 Waters Place,10461,Montefiore Medical Center - Henry & Lucy Moses Div,40.852561,-73.839535,,
6127,Third Avenue Imaging LLC,Bronx,Diagnostic and Treatment Center,2781 Third Ave,10455,,40.814968,-73.919823,7187420700,
10020,Sun River Health The Hub,Bronx,Diagnostic and Treatment Center Extension Clinic,459 East 149th Street,10455,Sun River Health,40.815529,-73.915253,,
4652,PS 85,Bronx,School Based Hospital Extension Clinic,2400 Marion Ave,10458,Montefiore Medical Center - Henry & Lucy Moses Div,40.858891,-73.895042,7189206062,
15708,Moses Medical,Bronx,Diagnostic and Treatment Center,871 Westchester Avenue,10459,,40.82046,-73.90045,7185755414,
8556,"Montefiore Medical Center-Moses/Mobile Van #1,#2,#3,& #4",Bronx,Hospital Extension Clinic,111 East 210th Street,10467,Montefiore Medical Center - Henry & Lucy Moses Div,40.879951,-73.880562,2125359779,
13971,AIDS Healthcare Foundation,Bronx,Diagnostic and Treatment Center,655 Morris Avenue,10451,,40.819989,-73.922155,,
9367,Jackson Avenue Family Residence,Bronx,Diagnostic and Treatment Center Extension Clinic,691 East 138th Street,10454,Care For the Homeless,40.805367,-73.913879,3472690437,
1188,Planned Parenthood Bronx Health Center,Bronx,Diagnostic and Treatment Center Extension Clinic,349 East 149th Street,10451,Planned Parenthood Joan Malin Brooklyn Health Center,40.816704,-73.919655,2129654806,
5703,Montefiore Radiology Ext Clinic,Bronx,Hospital Extension Clinic,1635 Poplar Street,10461,Montefiore Medical Center - Henry & Lucy Moses Div,40.845688,-73.846642,7184058440,
9430,St. Lawrence Community Health Center,Bronx,Diagnostic and Treatment Center Extension Clinic,1764-1766 Westchester Avenue,10472,Urban Health Plan,40.831394,-73.867867,3474077166,
7025,BronxCare Medical and Dental at Poe,Bronx,Diagnostic and Treatment Center Extension Clinic,2432 Grand Concourse,10458,"BronxCare Dr. Martin Luther King, Jr. Health Center",40.860546,-73.897896,7188177903,
5741,Mount Hope Family Practice,Bronx,Diagnostic and Treatment Center Extension Clinic,130 West Tremont Avenue,10453,Family Health Center of Harlem,40.849964,-73.914368,7185839000,
7761,Park Avenue Family Health Center,Bronx,Diagnostic and Treatment Center Extension Clinic,4196 Park Avenue,10457,"La Casa De Salud, Inc.",40.847176,-73.8993,,
6767,BMS at Genesis,Bronx,Diagnostic and Treatment Center Extension Clinic,360 Snediker Avenue,11207,Brownsville Multi-Service Family Health Center,40.666336,-73.900291,6464599400,
9793,Eye Surgery Center of New York,Bronx,Diagnostic and Treatment Center,"3130 Grand Concourse, Suite B5",10458,,40.875186,-73.885819,,
10043,Bronx Medical and Wellness Center,Bronx,Diagnostic and Treatment Center Extension Clinic,1227 Edward L. Grant Highway,10452,Morris Heights Health Center,40.836543,-73.922493,,
9787,Montefiore Medical Center - Wellness Center at Waters Place,Bronx,Hospital Extension Clinic,1510 Waters Place,10461,Montefiore Medical Center - Henry & Lucy Moses Div,40.845941,-73.840885,,
6484,"Perry Avenue Family Medical Center, Inc.",Bronx,Diagnostic and Treatment Center,3071 Perry Avenue,10467,,40.872791,-73.879303,7182316700,
15234,Alegria Health and Wellness,Bronx,Diagnostic and Treatment Center,3475 Third Avenue,10456,,40.83029,-73.90638,9294689401,
3941,Women's Health & Birthing Pavilion,Bronx,Diagnostic and Treatment Center Extension Clinic,70 West Burnside Ave,10453,Morris Heights Health Center,40.854454,-73.910202,2127162229,
15323,Genesis Renal Care,Bronx,Diagnostic and Treatment Center Extension Clinic,3200 Baychester Avenue,10475,Genesis Renal Care,40.87733,-73.83592,7189475700,
15731,Bronx Treatment Center,Bronx,Diagnostic and Treatment Center Extension Clinic,5235 Broadway,10463,Bronx Treatment Center,40.87543,-73.90893,6466033767,
9296,Bella Vista Community Health Center,Bronx,Diagnostic and Treatment Center Extension Clinic,882-886 Hunts Point Avenue,10474,Urban Health Plan,40.819061,-73.889282,7183782075,
1178,BronxCare Hospital Center,Bronx,Hospital,1650 Grand Concourse,10457,BronxCare Hospital Center,40.843609,-73.911545,7189018800,
7899,Pelham Physical Medicine Inc,Bronx,Diagnostic and Treatment Center,2118 Williamsbridge Road,10461,,40.855915,-73.85553,7188233900,
3898,Ambulatory Surgery Center of Greater New York,Bronx,Diagnostic and Treatment Center,1101 Pelham Parkway N,10469,,40.858292,-73.855171,7185153500,
6808,"La Casa De Salud, Inc.",Bronx,Diagnostic and Treatment Center,966 Prospect Avenue,10459,,40.822506,-73.90036,7188421412,
15253,UCHC Mobile Dental Unit,Bronx,Diagnostic and Treatment Center Extension Clinic,260 East 188th Street,10458,Union Community Health Center,40.86075,-73.89595,7186188236,
13984,SBH Health and Wellness Center,Bronx,Hospital Extension Clinic,4507 Third Avenue,10457,SBH Health System,40.85363,-73.89145,7189603516,
9570,Morris High School,Bronx,School Based Hospital Extension Clinic,1110 Boston Road,10456,Montefiore Medical Center - Henry & Lucy Moses Div,40.827625,-73.904419,7186964070,
4492,FMS-Morris Park,Bronx,Diagnostic and Treatment Center Extension Clinic,1325 Morris Park Avenue,10461,FMS-Southern Manhattan Dialysis Center,40.851326,-73.844727,7185972255,
9303,Adolescent Health and Wellness Center,Bronx,Diagnostic and Treatment Center Extension Clinic,960 Southern Boulevard,10459,Urban Health Plan,40.821728,-73.891602,7183202577,
15830,Bronx Treatment Center,Bronx,Diagnostic and Treatment Center Extension Clinic,1544 Shakespeare Avenue,10452,Bronx Treatment Center,40.84579,-73.9191,6465180490,
9789,Boricua Community Health Center,Bronx,Diagnostic and Treatment Center Extension Clinic,3209 Third Avenue,10451,Urban Health Plan,40.823338,-73.909461,,
9969,FMS-Eastchester,Bronx,Diagnostic and Treatment Center Extension Clinic,"1776 Eastchester Road, Suite 240",10461,FMS-Southern Manhattan Dialysis Center,40.849448,-73.842687,,
6447,The Children's Aid Society,Bronx,Diagnostic and Treatment Center,910 East 172nd Street,10460,,40.834072,-73.889938,7188608595,
9611,P.S. 179,Bronx,School Based Hospital Extension Clinic,468 East 140th Street,10454,NYU Langone Hospitals,40.809471,-73.919868,,
10384,West Farms Dialysis,Bronx,Diagnostic and Treatment Center Extension Clinic,1820 East Tremont  Avenue,10460,Bronx Dialysis Center,40.840172,-73.866844,7188240245,
15295,Care Found Here Morris Avenue Health Center,Bronx,Diagnostic and Treatment Center Extension Clinic,528 Morris Avenue,10451,Care For the Homeless,40.81699,-73.92278,2123664459,
9020,Herbert H. Lehman High School,Bronx,School Based Hospital Extension Clinic,3000 East Tremont Street,10461,Montefiore Medical Center - Henry & Lucy Moses Div,40.840576,-73.838272,7186964070,
6066,Middle School 142,Bronx,School Based Hospital Extension Clinic,3750 Baychester Avenue,10466,Montefiore Medical Center - Henry & Lucy Moses Div,40.885578,-73.840729,,
10196,Hutchinson River Dialysis,Bronx,Diagnostic and Treatment Center Extension Clinic,2331 Eastchester Road,10469,Bronx Dialysis Center,40.86058,-73.84362,,
7105,CenterLight Healthcare D&TC - Allerton Avenue Site,Bronx,Diagnostic and Treatment Center Extension Clinic,668 Allerton Avenue,10467,CenterLight Healthcare Diagnostic and Treatment Center,40.865353,-73.868546,,
1164,BronxCare Hospital Center,Bronx,Hospital,1276 Fulton Avenue,10456,,40.831772,-73.903656,7189018800,
9309,Center for Child Health & Resiliency,Bronx,Hospital Extension Clinic,890 Prospect Avenue,10459,Montefiore Medical Center - Henry & Lucy Moses Div,40.820988,-73.901009,7185884460,
6035,Barnabas Hospital Methadone,Bronx,Hospital Extension Clinic,4535-39 Third Avenue,10457,SBH Health System,40.854229,-73.890892,,
9652,Waters Place Dialysis Center,Bronx,Diagnostic and Treatment Center Extension Clinic,1733 Eastchester Road,10461,Bronx Dialysis Center,40.847191,-73.84478,,
3632,Fordham-Tremont Comm Mental Health Center,Bronx,Hospital Extension Clinic,1910 Arthur Avenue,10458,SBH Health System,40.845509,-73.893288,7189600400,
15561,Bronx Treatment Center,Bronx,Diagnostic and Treatment Center Extension Clinic,828 East 149th Street,10455,Bronx Treatment Center,40.81228,-73.90523,9294470267,
7049,Castle Hill Family Practice,Bronx,Hospital Extension Clinic,2175 Westchester Avenue,10462,Montefiore Medical Center - Henry & Lucy Moses Div,40.834164,-73.85247,7188296770,https://www.montefiore.org/mmg-castle-hill
15662,CenterLight PACE Mobile Van 2,Bronx,Mobile Diagnostic and Treatment Center Extension Clinic,2515 Olinville Avenue,10467,CenterLight Healthcare Diagnostic and Treatment Center,40.86384,-73.86855,,
10070,PS18,Bronx,School Based Hospital Extension Clinic,502 Morris Avenue,10451,Montefiore Medical Center - Henry & Lucy Moses Div,40.816223,-73.922745,7186964070,
3721,Samaritan Health Service University,Bronx,Diagnostic and Treatment Center Extension Clinic,1381 University Ave,10452,Damian Family Care Center,40.842339,-73.926102,7182062000,
3189,"Vocational Instruction Project Community Services, Inc.",Bronx,Diagnostic and Treatment Center,770 East 176th Street,10460,,40.845509,-73.893288,6462567571,
10440,Care For the Homeless at The Living Room,Bronx,Diagnostic and Treatment Center Extension Clinic,800 Barretto Street,10474,Care For the Homeless,40.816823,-73.889814,2123664459,
15470,P.S. 025 Bilingual School,Bronx,School Based Hospital Extension Clinic,811 East 149th Street,10455,NYU Langone Hospitals,40.81271,-73.90573,,
15747,I.S 229 Roland Patterson - X229,Bronx,School Based Hospital Extension Clinic,"275 Harlem River Drive, 2nd Floor",10453,Montefiore Medical Center - Henry & Lucy Moses Div,40.85247,-73.92115,,
7561,"New York Renal Associates, Inc",Bronx,Diagnostic and Treatment Center,3468 Park Avenue,10468,,40.830688,-73.908607,7184012836,
15300,Crotona Parkway Ambulatory Surgery Center,Bronx,Diagnostic and Treatment Center,1976 Crotona Parkway,10460,,40.84302,-73.88504,7183075700,
1175,Calvary Hospital Inc,Bronx,Hospital,1740-70 Eastchester Road,10461,,40.847294,-73.844658,7185182244,
7805,Calvary Home Health Agency and Hospice Care,Bronx,Hospice,1740 Eastchester Road,10461,,40.847294,-73.844658,7185182465,
10105,Health Center at Tremont,Bronx,Diagnostic and Treatment Center Extension Clinic,1826 Arthur Avenue,10457,Morrisania Diagnostic & Treatment Center,40.843814,-73.894638,,
9479,St Barnabas Ambulatory Care Center,Bronx,Hospital Extension Clinic,4487 Third Avenue,10457,SBH Health System,40.853554,-73.89151,,
4688,Bronx Regional High School,Bronx,School Based Hospital Extension Clinic,1010 Rev J A Polite Avenue,10459,Montefiore Medical Center - Henry & Lucy Moses Div,40.823048,-73.898827,7189206062,
5511,West Farms Family Practice Center,Bronx,Hospital Extension Clinic,"1825 Boston Road,",10460,Montefiore Medical Center - Henry & Lucy Moses Div,40.83898,-73.88542,7188428040,
1208,Morrisania-Mott Haven,Bronx,Diagnostic and Treatment Center Extension Clinic,1309 Fulton Ave,10456,New York City Department of Health and Mental Hygiene,40.832485,-73.903343,7189016504,
15758,Bronx Treatment Center,Bronx,Diagnostic and Treatment Center Extension Clinic,800 St. Ann's Avenue,10456,Bronx Treatment Center,40.82078,-73.9099,6466033767,
1186,North Central Bronx Hospital,Bronx,Hospital,3424 Kossuth Avenue & 210th Street,10467,Jacobi Medical Center,40.880512,-73.881538,7185193500,
15160,Montefiore Medical Center - Montefiore Medical Group- East Tremont Avenue,Bronx,Hospital Extension Clinic,3860 East Tremont Avenue,10465,Montefiore Medical Center - Henry & Lucy Moses Div,40.82349,-73.82,7188810100,
10187,X198,Bronx,School Based Hospital Extension Clinic,1180 Tinton Ave,10456,Montefiore Medical Center - Henry & Lucy Moses Div,40.828532,-73.900594,7186964071,
7627,Montefiore Med Park Group Dental,Bronx,Hospital Extension Clinic,1625 Poplar Street-Suite 225,10461,Montefiore Medical Center - Henry & Lucy Moses Div,40.845581,-73.846794,,
7609,Boston Post Road Dialysis Center,Bronx,Diagnostic and Treatment Center Extension Clinic,4000-4026 Boston Road,10475,Bronx Dialysis Center,40.884458,-73.831571,7188629238,
9439,Montefiore Einstein Center for Heart and Vascular Care at 1628 Eastchester Road,Bronx,Hospital Extension Clinic,1628 Eastchester Road,10461,Montefiore Medical Center - Henry & Lucy Moses Div,40.845135,-73.845207,6466705120,
3443,Bay Plaza Primary Care Center,Bronx,Hospital Extension Clinic,2100 Bartow Avenue,10475,Montefiore Medical Center - Henry & Lucy Moses Div,40.869362,-73.82605,7183205300,
6672,Medalliance Medical Health Services,Bronx,Diagnostic and Treatment Center,625 East Fordham Road,10458,,40.858307,-73.884094,7189331900,
9788,Montefiore Medical Center - Wellness Center at Melrose,Bronx,Hospital Extension Clinic,260 East 161st Street,10451,Montefiore Medical Center - Henry & Lucy Moses Div,40.825482,-73.91899,,
6907,Castle Hill Medical Center of New York Inc.,Bronx,Diagnostic and Treatment Center,920 Castle Hill Avenue,10473,,40.826061,-73.849594,7188240500,
10444,Park Tree Community Health Center,Bronx,Diagnostic and Treatment Center Extension Clinic,866 East Tremont Avenue,10460,Urban Health Plan,40.842959,-73.88632,7185892440,
9934,Callen-Lorde Bronx,Bronx,Diagnostic and Treatment Center Extension Clinic,3144 3rd Avenue,10451,Michael Callen-Audre Lorde Community Health Center,40.822279,-73.910583,,
6218,South Bronx Campus,Bronx,School Based Hospital Extension Clinic,701 St. Ann's Ave,10455,Montefiore Medical Center - Henry & Lucy Moses Div,40.818226,-73.911102,7189206063,
15508,"Samaritan Daytop Health, Inc.",Bronx,Diagnostic and Treatment Center,362 East 148th Street,10455,,40.81572,-73.91959,8458251199,
10264,PS 199,Bronx,School Based Hospital Extension Clinic,1449 Shakespeare Ave,10452,Montefiore Medical Center - Henry & Lucy Moses Div,40.843334,-73.920354,7186964071,
9877,"Union Community Health Center, Site 6",Bronx,Diagnostic and Treatment Center Extension Clinic,2016 Bronxdale Avenue,10457,Union Community Health Center,40.85027,-73.865236,,
15784,Care Found Here Blondell Avenue Health Center,Bronx,Diagnostic and Treatment Center Extension Clinic,1374 Blondell Avenue,10461,Care For the Homeless,40.84253,-73.84249,2123664459,
7682,Montefiore Med Grp Aging In America,Bronx,Hospital Extension Clinic,1500 Pelham Parkway,10461,Montefiore Medical Center - Henry & Lucy Moses Div,40.857277,-73.845474,,
1307,Morris Heights Health Center,Bronx,Diagnostic and Treatment Center,85 West Burnside Avenue,10453,,40.85471,-73.910629,7184831270,
1176,SBH Health System,Bronx,Hospital,4422 Third Avenue,10457,,40.853909,-73.891014,7189606100,
7720,BronxCare Third Avenue Medical and Dental Practice,Bronx,Diagnostic and Treatment Center Extension Clinic,2739-2745 3rd Avenue,10451,"BronxCare Dr. Martin Luther King, Jr. Health Center",40.814353,-73.921035,7188381057,
9571,New Settlement School,Bronx,School Based Hospital Extension Clinic,1501 Jerome Avenue,10452,Montefiore Medical Center - Henry & Lucy Moses Div,40.842426,-73.916191,7186964067,
6681,Kings Harbor Dialysis Center,Bronx,Diagnostic and Treatment Center,2020 East Gun Hill Road,10469,,40.860195,-73.829597,7183201335,
10248,X 147,Bronx,School Based Hospital Extension Clinic,1600 Webster Avenue,10457,Montefiore Medical Center - Henry & Lucy Moses Div,40.840446,-73.904289,7186964071,
7801,Premier Healthcare Tremont Avenue,Bronx,Diagnostic and Treatment Center Extension Clinic,3060 East Tremont Avenue,10461,Premier Healthcare D & T Center,40.839355,-73.836594,7182391790,
4133,Morris Heights Counseling Center,Bronx,Diagnostic and Treatment Center Extension Clinic,70 West Burnside Avenue,10453,Morris Heights Health Center,40.854454,-73.910202,7187164400,
15308,Care for the Homeless,Bronx,Diagnostic and Treatment Center Extension Clinic,3600 Jerome Avenue,10467,Care For the Homeless,40.88546,-73.87896,2123664459,
14005,Project Renewal Inc. Mobile Medical Van (MedVan II),Bronx,Mobile Diagnostic and Treatment Center Extension Clinic,514 East 178th Street,10457,Project Renewal,40.8478,-73.895985,,
7825,BronxCare Ogden Family Medical and Dental Center,Bronx,Diagnostic and Treatment Center Extension Clinic,1067 Ogden Avenue,10456,"BronxCare Dr. Martin Luther King, Jr. Health Center",40.834835,-73.928391,7184663255,
5704,P S 28 Mt Hope Elementary School,Bronx,School Based Hospital Extension Clinic,1861 Anthony Avenue,10457,Montefiore Medical Center - Henry & Lucy Moses Div,40.848133,-73.903557,7185978500,
6190,Sun River Health Care,Bronx,Diagnostic and Treatment Center Extension Clinic,4377 Bronx Blvd,10466,Sun River Health,40.899326,-73.858231,9732612135,
7048,Williamsbridge Family Practice Center,Bronx,Hospital Extension Clinic,3011 Boston Road,10469,Montefiore Medical Center - Henry & Lucy Moses Div,40.869689,-73.857381,,
15377,Tremont Community Health Center of Excellence,Bronx,Diagnostic and Treatment Center,1920 Webster Avenue,10457,,40.84786,-73.90063,6465270429,
8602,Maimonides Women's Services 9th Avenue,Bronx,Hospital Extension Clinic,4422 9th Avenue,11219,Maimonides Medical Center,40.642967,-73.998276,7182838930,
4450,Alcoholism Outpatient Clinic,Bronx,Hospital Extension Clinic,349 East 140th Street,10454,Lincoln Medical & Mental Health Center,40.811272,-73.923813,7185795700,
4768,St Barnabas Hospital-Hemodialysis,Bronx,Hospital Extension Clinic,4441-4451 3rd Avenue,10457,SBH Health System,40.85231,-73.892677,7189603860,
4296,Fordham-Tremont Comm Mntl Health Center,Bronx,Hospital Extension Clinic,2021 Grand Concourse,10453,SBH Health System,40.851776,-73.904449,7189600318,
1168,Montefiore Medical Center-Wakefield Hospital,Bronx,Hospital,600 East 233rd Street,10466,Montefiore Medical Center - Henry & Lucy Moses Div,40.894569,-73.86142,7189209000,
10071,MS145,Bronx,School Based Hospital Extension Clinic,1000 Teller Avenue,10456,Montefiore Medical Center - Henry & Lucy Moses Div,40.82591,-73.915581,7186964070,
7007,Riverdale Dialysis Center,Bronx,Diagnostic and Treatment Center Extension Clinic,170 West 233rd Street,10463,Bronx Dialysis Center,40.88047,-73.90332,7188844300,
6701,Jerome Family Health Center,Bronx,Diagnostic and Treatment Center Extension Clinic,1778 Jerome Avenue,10453,New York Neuro & Rehab Center,40.848324,-73.911819,7185833300,
7687,"La Casa De Salud, Inc. Casa Maria",Bronx,Diagnostic and Treatment Center Extension Clinic,324 East 149th Street,10455,"La Casa De Salud, Inc.",40.816727,-73.920654,7185858004,
5636,BronxCare MBD Family Practice,Bronx,Diagnostic and Treatment Center Extension Clinic,1690 Bryant Avenue,10460,"BronxCare Dr. Martin Luther King, Jr. Health Center",40.835808,-73.885422,7188018779,
3058,Montefiore Med Center - Jack D Weiler Hosp of A Einstein College Div,Bronx,Hospital,1825 Eastchester Road,10461,Montefiore Medical Center - Henry & Lucy Moses Div,40.849575,-73.845055,7189042001,
9690,BronxCare Health & Wellness Center,Bronx,Hospital Extension Clinic,199 Mount Eden Parkway,10457,BronxCare Hospital Center,40.843124,-73.909622,,
1165,Jacobi Medical Center,Bronx,Hospital,1400 Pelham Parkway,10461,,40.857388,-73.846741,7189185000,
7590,South Bronx Health Center,Bronx,Hospital Extension Clinic,871 Prospect Avenue,10459,Montefiore Medical Center - Henry & Lucy Moses Div,40.820606,-73.901321,,
10121,X 113,Bronx,School Based Hospital Extension Clinic,3710 Barnes Ave,10467,Montefiore Medical Center - Henry & Lucy Moses Div,40.880854,-73.860834,7186964071,
6465,Union Community Health Center Ext Clinic,Bronx,Diagnostic and Treatment Center Extension Clinic,4487 Third Avenue,10457,Union Community Health Center,40.853554,-73.89151,7189606115,
1201,Morrisania Diagnostic & Treatment Center,Bronx,Diagnostic and Treatment Center,1225-1257 Gerard Ave,10452,,40.837208,-73.919319,7189602781,
6129,Union Community Health Center,Bronx,Diagnostic and Treatment Center,260 East 188th Street,10458,,40.860882,-73.896179,7182202020,
6661,Bronx Dialysis Center,Bronx,Diagnostic and Treatment Center,1615-1617 Eastchester Road,10461,,40.844891,-73.845772,7188927700,
9851,"Rose F. Kennedy Center, Children's Evaluation and Rehabilitation Center at Montefiore",Bronx,Hospital Extension Clinic,1225 Morris Park Ave,10461,Montefiore Medical Center - Henry & Lucy Moses Div,40.851233,-73.847719,,
6233,Walton Family Practice,Bronx,Diagnostic and Treatment Center Extension Clinic,1894 Walton Ave,10453,Family Health Center of Harlem,40.849613,-73.909203,7185833060,
3633,Fordham-Tremont Comm Mental Health Center,Bronx,Hospital Extension Clinic,2250 Ryer Avenue,10458,SBH Health System,40.856369,-73.899307,7189600600,
10340,X098,Bronx,School Based Hospital Extension Clinic,1619 Boston Road,10460,Montefiore Medical Center - Henry & Lucy Moses Div,40.836061,-73.890597,7186964071,
10361,University Heights Dialysis,Bronx,Diagnostic and Treatment Center Extension Clinic,2190 Jerome Avenue,10453,Bronx Dialysis Center,40.856677,-73.904521,7185845746,
9783,Avicenna ASC,Bronx,Diagnostic and Treatment Center,2522 Hughes Avenue,10458,,40.858544,-73.884028,,
1210,South Bronx Dialysis Center,Bronx,Diagnostic and Treatment Center Extension Clinic,1940 Webster Avenue,10457,Bronx Dialysis Center,40.848717,-73.900246,7187163999,
9927,Williamsbridge Home Dialysis Center,Bronx,Diagnostic and Treatment Center Extension Clinic,"3525 White Plains Road, Suite A",10467,Bronx Dialysis Center,40.878051,-73.866557,,
15191,"The Rogosin Institute at Methodist Home for Nursing and Rehabilitation, LLC",Bronx,Diagnostic and Treatment Center,4499 Manhattan College Parkway,10471,,40.89054,-73.9029,6463170367,
10330,X151,Bronx,School Based Hospital Extension Clinic,250 East 156th Street,10451,Montefiore Medical Center - Henry & Lucy Moses Div,40.822632,-73.921303,7186964071,
10155,X 174,Bronx,School Based Hospital Extension Clinic,456 White Plains Rd,10473,Montefiore Medical Center - Henry & Lucy Moses Div,40.814825,-73.856491,7186964071,
6868,Montefiore-Einstein Cancer Center,Bronx,Hospital Extension Clinic,1695 Eastchester Road,10461,Montefiore Medical Center - Henry & Lucy Moses Div,40.846722,-73.844734,7184058505,
5956,Montefiore Rehab Medical Associates,Bronx,Hospital Extension Clinic,1500 Blondell Avenue,10461,Montefiore Medical Center - Henry & Lucy Moses Div,40.845501,-73.844894,,
15765,Century Medical & Dental Center,Bronx,Diagnostic and Treatment Center Extension Clinic,425 Westchester Avenue,10455,"Century Medical & Dental Center, Inc.",40.81658,-73.91587,,
6920,"New York GI Center, LLC",Bronx,Diagnostic and Treatment Center,1200 Waters Place,10461,,40.846287,-73.842094,7188630575,
6584,Doctor's United Inc.-Bronx,Bronx,Diagnostic and Treatment Center Extension Clinic,907 E. Tremont Avenue,10451,Doctors United Inc,40.842155,-73.884384,7185899588,
1185,Montefiore Medical Center - Montefiore Westchester Square,Bronx,Hospital,2475 St. Raymond Avenue,10461,Montefiore Medical Center - Henry & Lucy Moses Div,40.840431,-73.848244,7184307359,
9996,Downtown Bronx ASC,Bronx,Diagnostic and Treatment Center,951 Brook Avenue,10451,,40.825321,-73.911774,,
15674,Bronx Treatment Center - Mobile Health Unit #1,Bronx,Diagnostic and Treatment Center Extension Clinic,1250 Shakespeare Avenue,10452,Bronx Treatment Center,40.83845,-73.92295,,
4144,Continuing Treatment Program II,Bronx,Hospital Extension Clinic,1170 Webster Avenue at 167th Street,10456,BronxCare Hospital Center,40.830783,-73.910518,7189018800,
13952,Ana's Place Clinic,Bronx,Diagnostic and Treatment Center Extension Clinic,4380 Bronx Boulevard,10466,Project Renewal,40.899218,-73.857872,2126200340,
10235,Laconia Dialysis,Bronx,Diagnostic and Treatment Center Extension Clinic,3440 Boston Road,10469,Bronx Dialysis Center,40.875984,-73.848602,,
7781,Ambulatory Care Clinic at Union Hosp,Bronx,Hospital Extension Clinic,260 East 188th Street,10458,SBH Health System,40.860882,-73.896179,,
10033,Help Morris Clinic,Bronx,Diagnostic and Treatment Center Extension Clinic,285 East 171st Street,10452,Floating Hospital (Incorporated),40.838911,-73.910226,,
13975,Morris Heights Health Center Mobile Van,Bronx,Mobile Diagnostic and Treatment Center Extension Clinic,2186 Walton Avenue,10453,Morris Heights Health Center,40.856334,-73.903733,,
7736,FMS-Eastchester,Bronx,Diagnostic and Treatment Center Extension Clinic,1776 Eastchester Road,10461,FMS-Southern Manhattan Dialysis Center,40.849448,-73.842687,7187920470,
9195,The Bronx Center for Renal Dialysis,Bronx,Diagnostic and Treatment Center,1010 Underhill Avenue,10472,,40.826546,-73.861229,7188638300,
6625,Citadel Renal Center LLC,Bronx,Diagnostic and Treatment Center,100 West Kingsbridge Road,10468,,40.868374,-73.901619,3479822420,
1195,"BronxCare Dr. Martin Luther King, Jr. Health Center",Bronx,Diagnostic and Treatment Center,1265 Franklin Avenue,10456,,40.831161,-73.902634,7185037700,
9299,ArchCare Senior Life at San Vicente de Paul Catholic Healthcare Center,Bronx,Diagnostic and Treatment Center Extension Clinic,900 Intervale Avenue,10459,Catholic Managed Long Term Care,40.81908,-73.896103,9176459288,
9804,Empire State Ambulatory Surgery Center,Bronx,Diagnostic and Treatment Center,3170 Webster Avenue,10467,,40.872658,-73.874819,,
4326,Segundo Ruiz Belvis D & T Center,Bronx,Diagnostic and Treatment Center,545 East 142nd Street,10454,,40.810146,-73.916794,7185791702,
4404,Montefiore Wakefield Behavioral Health and Substance Use Disorders Clinic,Bronx,Hospital Extension Clinic,4401 Bronx Blvd,10470,Montefiore Medical Center - Henry & Lucy Moses Div,40.900204,-73.85759,7189209000,
5705,P S 95,Bronx,School Based Hospital Extension Clinic,3961 Hillman Avenue,10463,Montefiore Medical Center - Henry & Lucy Moses Div,40.883423,-73.890907,7185978500,
10075,Mid-Bronx Endoscopy Center,Bronx,Diagnostic and Treatment Center,51 West Burnside Avenue,10453,,40.854075,-73.909496,,
7589,General Clinical Research Center,Bronx,Hospital Extension Clinic,1300 Morris Park Avenue,10461,Montefiore Medical Center - Henry & Lucy Moses Div,40.851105,-73.844528,,
9253,Morris Heights Health Center,Bronx,Diagnostic and Treatment Center Extension Clinic,57-69 West Burnside Avenue,10453,Morris Heights Health Center,40.85416,-73.90963,7184231207,
9673,Ryan Mobile Medical Van,Bronx,Mobile Diagnostic and Treatment Center Extension Clinic,1480 Sheridan Expressway,10459,William F. Ryan Community Health Center,40.829708,-73.88446,,
10268,Union Community Health Center Mobile Medical Van,Bronx,Mobile Diagnostic and Treatment Center Extension Clinic,260 East 188th Street,10458,Union Community Health Center,40.860435,-73.896103,7186183388,
6654,Grand Concourse Dialysis Facility,Bronx,Diagnostic and Treatment Center,1490 Macombs Road,10452,,40.84238,-73.91777,7185831800,
3378,Mental Health Clinic,Bronx,Hospital Extension Clinic,1316 Fulton Avenue,10456,BronxCare Hospital Center,40.832577,-73.903114,7189018800,
6599,Third Avenue Family Health Center,Bronx,Diagnostic and Treatment Center Extension Clinic,2604 Third Avenue,10451,Damian Family Care Center,40.811897,-73.925056,7182920100,
9718,BronxCare Center for Physical Rehabilitation,Bronx,Hospital Extension Clinic,1775 Grand Concourse,10453,BronxCare Hospital Center,40.846509,-73.909665,7189018800,
10385,Tres Puentes Community Health Center,Bronx,Diagnostic and Treatment Center Extension Clinic,271 East 138th Street,10454,Urban Health Plan,40.810875,-73.926056,3472183464,https://www.urbanhealthplan.org/
9644,Morris Heights at Melrose Ave,Bronx,Diagnostic and Treatment Center Extension Clinic,779 Melrose Ave,10451,Morris Heights Health Center,40.821934,-73.915123,,
9885,Christopher Columbus High School Campus,Bronx,School Based Hospital Extension Clinic,925 Astor Avenue,10469,Montefiore Medical Center - Henry & Lucy Moses Div,40.860435,-73.860725,7186964070,
10320,Bay Park Dialysis Center,Bronx,Diagnostic and Treatment Center Extension Clinic,801 Co Op City Boulevard,10475,"Woodmere Dialysis, LLC",40.879676,-73.829187,7182396500,
4800,University Ave Family Practice Center,Bronx,Hospital Extension Clinic,105 West 188th Street,10468,Montefiore Medical Center - Henry & Lucy Moses Div,40.864326,-73.904282,7185630757,
